Company Name,Token,Entity
olly UG (haftungsbeschränkt),olly,ORG
olly UG (haftungsbeschränkt),UG,ORG
olly UG (haftungsbeschränkt),(,No entity
olly UG (haftungsbeschränkt),haftungsbeschränkt,No entity
olly UG (haftungsbeschränkt),),No entity
BLUECHILLED Verwaltungs GmbH,BLUECHILLED,ORG
BLUECHILLED Verwaltungs GmbH,Verwaltungs,No entity
BLUECHILLED Verwaltungs GmbH,GmbH,No entity
Mittelständische Beteiligungsgesellschaft Bremen mbH,Mittelständische,No entity
Mittelständische Beteiligungsgesellschaft Bremen mbH,Beteiligungsgesellschaft,No entity
Mittelständische Beteiligungsgesellschaft Bremen mbH,Bremen,LOC
Mittelständische Beteiligungsgesellschaft Bremen mbH,mbH,No entity
Albert Barufe GmbH,Albert,PER
Albert Barufe GmbH,Barufe,PER
Albert Barufe GmbH,GmbH,No entity
ITERGO Informationstechnologie GmbH,ITERGO,ORG
ITERGO Informationstechnologie GmbH,Informationstechnologie,No entity
ITERGO Informationstechnologie GmbH,GmbH,No entity
Rheinbahn AG,Rheinbahn,ORG
Rheinbahn AG,AG,ORG
Verwaltung IFÖ Zweite Immobilienfonds für Österreich GmbH,Verwaltung,No entity
Verwaltung IFÖ Zweite Immobilienfonds für Österreich GmbH,IFÖ,ORG
Verwaltung IFÖ Zweite Immobilienfonds für Österreich GmbH,Zweite,No entity
Verwaltung IFÖ Zweite Immobilienfonds für Österreich GmbH,Immobilienfonds,No entity
Verwaltung IFÖ Zweite Immobilienfonds für Österreich GmbH,für,No entity
Verwaltung IFÖ Zweite Immobilienfonds für Österreich GmbH,Österreich,LOC
Verwaltung IFÖ Zweite Immobilienfonds für Österreich GmbH,GmbH,No entity
AWS Personalmarketing GmbH,AWS,ORG
AWS Personalmarketing GmbH,Personalmarketing,ORG
AWS Personalmarketing GmbH,GmbH,ORG
Rembert Rechtsanwälte Rembert Müller Putzier + Partner eingetragene Partnerschaft mit beschränkter Berufshaftung,Rembert,PER
Rembert Rechtsanwälte Rembert Müller Putzier + Partner eingetragene Partnerschaft mit beschränkter Berufshaftung,Rechtsanwälte,No entity
Rembert Rechtsanwälte Rembert Müller Putzier + Partner eingetragene Partnerschaft mit beschränkter Berufshaftung,Rembert,PER
Rembert Rechtsanwälte Rembert Müller Putzier + Partner eingetragene Partnerschaft mit beschränkter Berufshaftung,Müller,PER
Rembert Rechtsanwälte Rembert Müller Putzier + Partner eingetragene Partnerschaft mit beschränkter Berufshaftung,Putzier,No entity
Rembert Rechtsanwälte Rembert Müller Putzier + Partner eingetragene Partnerschaft mit beschränkter Berufshaftung,+,No entity
Rembert Rechtsanwälte Rembert Müller Putzier + Partner eingetragene Partnerschaft mit beschränkter Berufshaftung,Partner,No entity
Rembert Rechtsanwälte Rembert Müller Putzier + Partner eingetragene Partnerschaft mit beschränkter Berufshaftung,eingetragene,No entity
Rembert Rechtsanwälte Rembert Müller Putzier + Partner eingetragene Partnerschaft mit beschränkter Berufshaftung,Partnerschaft,No entity
Rembert Rechtsanwälte Rembert Müller Putzier + Partner eingetragene Partnerschaft mit beschränkter Berufshaftung,mit,No entity
Rembert Rechtsanwälte Rembert Müller Putzier + Partner eingetragene Partnerschaft mit beschränkter Berufshaftung,beschränkter,No entity
Rembert Rechtsanwälte Rembert Müller Putzier + Partner eingetragene Partnerschaft mit beschränkter Berufshaftung,Berufshaftung,No entity
POX Media Verwaltungs GmbH,POX,ORG
POX Media Verwaltungs GmbH,Media,ORG
POX Media Verwaltungs GmbH,Verwaltungs,ORG
POX Media Verwaltungs GmbH,GmbH,No entity
HB-DIGITAL GmbH,HB-DIGITAL,ORG
HB-DIGITAL GmbH,GmbH,ORG
Neunte Grundstücksverwaltung AHG-Beteiligungs- und Handelsgesellschaft mbH & Co. KG,Neunte,No entity
Neunte Grundstücksverwaltung AHG-Beteiligungs- und Handelsgesellschaft mbH & Co. KG,Grundstücksverwaltung,No entity
Neunte Grundstücksverwaltung AHG-Beteiligungs- und Handelsgesellschaft mbH & Co. KG,AHG-Beteiligungs-,No entity
Neunte Grundstücksverwaltung AHG-Beteiligungs- und Handelsgesellschaft mbH & Co. KG,und,No entity
Neunte Grundstücksverwaltung AHG-Beteiligungs- und Handelsgesellschaft mbH & Co. KG,Handelsgesellschaft,No entity
Neunte Grundstücksverwaltung AHG-Beteiligungs- und Handelsgesellschaft mbH & Co. KG,mbH,No entity
Neunte Grundstücksverwaltung AHG-Beteiligungs- und Handelsgesellschaft mbH & Co. KG,&,No entity
Neunte Grundstücksverwaltung AHG-Beteiligungs- und Handelsgesellschaft mbH & Co. KG,Co.,No entity
Neunte Grundstücksverwaltung AHG-Beteiligungs- und Handelsgesellschaft mbH & Co. KG,KG,No entity
wpd Windparks Westfalen IV GmbH,wpd,MISC
wpd Windparks Westfalen IV GmbH,Windparks,MISC
wpd Windparks Westfalen IV GmbH,Westfalen,MISC
wpd Windparks Westfalen IV GmbH,IV,MISC
wpd Windparks Westfalen IV GmbH,GmbH,MISC
Palletways Deutschland GmbH,Palletways,ORG
Palletways Deutschland GmbH,Deutschland,ORG
Palletways Deutschland GmbH,GmbH,No entity
S-KON Sales Kontor Hamburg GmbH,S-KON,ORG
S-KON Sales Kontor Hamburg GmbH,Sales,ORG
S-KON Sales Kontor Hamburg GmbH,Kontor,ORG
S-KON Sales Kontor Hamburg GmbH,Hamburg,ORG
S-KON Sales Kontor Hamburg GmbH,GmbH,ORG
ElectronicPartner Handel SE,ElectronicPartner,ORG
ElectronicPartner Handel SE,Handel,ORG
ElectronicPartner Handel SE,SE,No entity
Stadtküche GmbH,Stadtküche,ORG
Stadtküche GmbH,GmbH,No entity
SIEBTE PAXAS Treuhand- und Beteiligungsgesellschaft mbH,SIEBTE,ORG
SIEBTE PAXAS Treuhand- und Beteiligungsgesellschaft mbH,PAXAS,ORG
SIEBTE PAXAS Treuhand- und Beteiligungsgesellschaft mbH,Treuhand-,No entity
SIEBTE PAXAS Treuhand- und Beteiligungsgesellschaft mbH,und,No entity
SIEBTE PAXAS Treuhand- und Beteiligungsgesellschaft mbH,Beteiligungsgesellschaft,No entity
SIEBTE PAXAS Treuhand- und Beteiligungsgesellschaft mbH,mbH,No entity
"""ad fontes"" Solartechnik GmbH","""",No entity
"""ad fontes"" Solartechnik GmbH",ad,No entity
"""ad fontes"" Solartechnik GmbH",fontes,No entity
"""ad fontes"" Solartechnik GmbH","""",No entity
"""ad fontes"" Solartechnik GmbH",Solartechnik,No entity
"""ad fontes"" Solartechnik GmbH",GmbH,No entity
Ferox Zweite Holding GmbH,Ferox,ORG
Ferox Zweite Holding GmbH,Zweite,No entity
Ferox Zweite Holding GmbH,Holding,No entity
Ferox Zweite Holding GmbH,GmbH,No entity
Yücebudak IT & Vertrieb UG (haftungsbeschränkt),Yücebudak,ORG
Yücebudak IT & Vertrieb UG (haftungsbeschränkt),IT,ORG
Yücebudak IT & Vertrieb UG (haftungsbeschränkt),&,ORG
Yücebudak IT & Vertrieb UG (haftungsbeschränkt),Vertrieb,ORG
Yücebudak IT & Vertrieb UG (haftungsbeschränkt),UG,ORG
Yücebudak IT & Vertrieb UG (haftungsbeschränkt),(,No entity
Yücebudak IT & Vertrieb UG (haftungsbeschränkt),haftungsbeschränkt,No entity
Yücebudak IT & Vertrieb UG (haftungsbeschränkt),),No entity
Verwaltung NORDCAPITAL Schiffsportfolio 4 GmbH,Verwaltung,No entity
Verwaltung NORDCAPITAL Schiffsportfolio 4 GmbH,NORDCAPITAL,ORG
Verwaltung NORDCAPITAL Schiffsportfolio 4 GmbH,Schiffsportfolio,ORG
Verwaltung NORDCAPITAL Schiffsportfolio 4 GmbH,4,No entity
Verwaltung NORDCAPITAL Schiffsportfolio 4 GmbH,GmbH,No entity
HCG Hanse Convenience GmbH,HCG,ORG
HCG Hanse Convenience GmbH,Hanse,ORG
HCG Hanse Convenience GmbH,Convenience,ORG
HCG Hanse Convenience GmbH,GmbH,ORG
FAP Beteiligungsgesellschaft mbH,FAP,ORG
FAP Beteiligungsgesellschaft mbH,Beteiligungsgesellschaft,No entity
FAP Beteiligungsgesellschaft mbH,mbH,No entity
Comfort Hamburg Gesellschaft für Geschäftsflächen und Unternehmensvermittlung mbH,Comfort,ORG
Comfort Hamburg Gesellschaft für Geschäftsflächen und Unternehmensvermittlung mbH,Hamburg,ORG
Comfort Hamburg Gesellschaft für Geschäftsflächen und Unternehmensvermittlung mbH,Gesellschaft,No entity
Comfort Hamburg Gesellschaft für Geschäftsflächen und Unternehmensvermittlung mbH,für,No entity
Comfort Hamburg Gesellschaft für Geschäftsflächen und Unternehmensvermittlung mbH,Geschäftsflächen,No entity
Comfort Hamburg Gesellschaft für Geschäftsflächen und Unternehmensvermittlung mbH,und,No entity
Comfort Hamburg Gesellschaft für Geschäftsflächen und Unternehmensvermittlung mbH,Unternehmensvermittlung,No entity
Comfort Hamburg Gesellschaft für Geschäftsflächen und Unternehmensvermittlung mbH,mbH,No entity
Dr. Gottfried Neuhaus Treuhand GmbH,Dr.,PER
Dr. Gottfried Neuhaus Treuhand GmbH,Gottfried,PER
Dr. Gottfried Neuhaus Treuhand GmbH,Neuhaus,PER
Dr. Gottfried Neuhaus Treuhand GmbH,Treuhand,No entity
Dr. Gottfried Neuhaus Treuhand GmbH,GmbH,No entity
Monheimer Biermanufactur GmbH,Monheimer,ORG
Monheimer Biermanufactur GmbH,Biermanufactur,ORG
Monheimer Biermanufactur GmbH,GmbH,ORG
Panasonic Europe Ltd. Zweigniederlassung Deutschland Hamburg Office,Panasonic,ORG
Panasonic Europe Ltd. Zweigniederlassung Deutschland Hamburg Office,Europe,ORG
Panasonic Europe Ltd. Zweigniederlassung Deutschland Hamburg Office,Ltd,ORG
Panasonic Europe Ltd. Zweigniederlassung Deutschland Hamburg Office,.,No entity
Panasonic Europe Ltd. Zweigniederlassung Deutschland Hamburg Office,Zweigniederlassung,No entity
Panasonic Europe Ltd. Zweigniederlassung Deutschland Hamburg Office,Deutschland,ORG
Panasonic Europe Ltd. Zweigniederlassung Deutschland Hamburg Office,Hamburg,ORG
Panasonic Europe Ltd. Zweigniederlassung Deutschland Hamburg Office,Office,ORG
"""Renta Reederei"" GmbH","""",No entity
"""Renta Reederei"" GmbH",Renta,ORG
"""Renta Reederei"" GmbH",Reederei,ORG
"""Renta Reederei"" GmbH","""",No entity
"""Renta Reederei"" GmbH",GmbH,No entity
Dura Automotive Systems GmbH,Dura,ORG
Dura Automotive Systems GmbH,Automotive,ORG
Dura Automotive Systems GmbH,Systems,ORG
Dura Automotive Systems GmbH,GmbH,No entity
FB trust GmbH,FB,ORG
FB trust GmbH,trust,ORG
FB trust GmbH,GmbH,ORG
Can Koi Ibiza GmbH & Co. KG,Can,ORG
Can Koi Ibiza GmbH & Co. KG,Koi,ORG
Can Koi Ibiza GmbH & Co. KG,Ibiza,ORG
Can Koi Ibiza GmbH & Co. KG,GmbH,No entity
Can Koi Ibiza GmbH & Co. KG,&,No entity
Can Koi Ibiza GmbH & Co. KG,Co.,No entity
Can Koi Ibiza GmbH & Co. KG,KG,No entity
Feedback Vermögensberatungs- und Vermittlungsgesellschaft mbH,Feedback,MISC
Feedback Vermögensberatungs- und Vermittlungsgesellschaft mbH,Vermögensberatungs-,MISC
Feedback Vermögensberatungs- und Vermittlungsgesellschaft mbH,und,MISC
Feedback Vermögensberatungs- und Vermittlungsgesellschaft mbH,Vermittlungsgesellschaft,MISC
Feedback Vermögensberatungs- und Vermittlungsgesellschaft mbH,mbH,No entity
W247 web app systems UG (haftungsbeschränkt),W247,MISC
W247 web app systems UG (haftungsbeschränkt),web,MISC
W247 web app systems UG (haftungsbeschränkt),app,MISC
W247 web app systems UG (haftungsbeschränkt),systems,MISC
W247 web app systems UG (haftungsbeschränkt),UG,MISC
W247 web app systems UG (haftungsbeschränkt),(,No entity
W247 web app systems UG (haftungsbeschränkt),haftungsbeschränkt,No entity
W247 web app systems UG (haftungsbeschränkt),),No entity
JANT Express-Logistik UG (haftungsbeschränkt),JANT,ORG
JANT Express-Logistik UG (haftungsbeschränkt),Express-Logistik,No entity
JANT Express-Logistik UG (haftungsbeschränkt),UG,No entity
JANT Express-Logistik UG (haftungsbeschränkt),(,No entity
JANT Express-Logistik UG (haftungsbeschränkt),haftungsbeschränkt,No entity
JANT Express-Logistik UG (haftungsbeschränkt),),No entity
SEABRIDGE Transport GmbH,SEABRIDGE,ORG
SEABRIDGE Transport GmbH,Transport,No entity
SEABRIDGE Transport GmbH,GmbH,No entity
Schiffsfonds Ownership Tonnage VII GmbH & Co. KG,Schiffsfonds,No entity
Schiffsfonds Ownership Tonnage VII GmbH & Co. KG,Ownership,ORG
Schiffsfonds Ownership Tonnage VII GmbH & Co. KG,Tonnage,ORG
Schiffsfonds Ownership Tonnage VII GmbH & Co. KG,VII,ORG
Schiffsfonds Ownership Tonnage VII GmbH & Co. KG,GmbH,ORG
Schiffsfonds Ownership Tonnage VII GmbH & Co. KG,&,ORG
Schiffsfonds Ownership Tonnage VII GmbH & Co. KG,Co.,ORG
Schiffsfonds Ownership Tonnage VII GmbH & Co. KG,KG,ORG
KidINVEST GmbH,KidINVEST,ORG
KidINVEST GmbH,GmbH,No entity
NXP Semiconductors Germany GmbH,NXP,ORG
NXP Semiconductors Germany GmbH,Semiconductors,ORG
NXP Semiconductors Germany GmbH,Germany,ORG
NXP Semiconductors Germany GmbH,GmbH,ORG
Verwaltung Projektgesellschaft Marco Polo Tower GmbH,Verwaltung,No entity
Verwaltung Projektgesellschaft Marco Polo Tower GmbH,Projektgesellschaft,No entity
Verwaltung Projektgesellschaft Marco Polo Tower GmbH,Marco,No entity
Verwaltung Projektgesellschaft Marco Polo Tower GmbH,Polo,No entity
Verwaltung Projektgesellschaft Marco Polo Tower GmbH,Tower,No entity
Verwaltung Projektgesellschaft Marco Polo Tower GmbH,GmbH,No entity
Eckelmann Umwelt Holding GmbH,Eckelmann,ORG
Eckelmann Umwelt Holding GmbH,Umwelt,ORG
Eckelmann Umwelt Holding GmbH,Holding,No entity
Eckelmann Umwelt Holding GmbH,GmbH,No entity
Factor Design Verwaltungs GmbH,Factor,MISC
Factor Design Verwaltungs GmbH,Design,MISC
Factor Design Verwaltungs GmbH,Verwaltungs,No entity
Factor Design Verwaltungs GmbH,GmbH,No entity
LUISE Verwaltungs GmbH,LUISE,ORG
LUISE Verwaltungs GmbH,Verwaltungs,ORG
LUISE Verwaltungs GmbH,GmbH,ORG
Schmidts Tivoli Gastspiel GmbH,Schmidts,ORG
Schmidts Tivoli Gastspiel GmbH,Tivoli,ORG
Schmidts Tivoli Gastspiel GmbH,Gastspiel,No entity
Schmidts Tivoli Gastspiel GmbH,GmbH,No entity
"Verwaltung Schiffahrts-Gesellschaft ""HANSA BRANDENBURG"" mbH",Verwaltung,No entity
"Verwaltung Schiffahrts-Gesellschaft ""HANSA BRANDENBURG"" mbH",Schiffahrts-Gesellschaft,MISC
"Verwaltung Schiffahrts-Gesellschaft ""HANSA BRANDENBURG"" mbH","""",No entity
"Verwaltung Schiffahrts-Gesellschaft ""HANSA BRANDENBURG"" mbH",HANSA,MISC
"Verwaltung Schiffahrts-Gesellschaft ""HANSA BRANDENBURG"" mbH",BRANDENBURG,No entity
"Verwaltung Schiffahrts-Gesellschaft ""HANSA BRANDENBURG"" mbH","""",No entity
"Verwaltung Schiffahrts-Gesellschaft ""HANSA BRANDENBURG"" mbH",mbH,No entity
AMB Trade GmbH,AMB,ORG
AMB Trade GmbH,Trade,ORG
AMB Trade GmbH,GmbH,ORG
Verwaltung ZEABORN Ship Management GmbH,Verwaltung,No entity
Verwaltung ZEABORN Ship Management GmbH,ZEABORN,MISC
Verwaltung ZEABORN Ship Management GmbH,Ship,MISC
Verwaltung ZEABORN Ship Management GmbH,Management,MISC
Verwaltung ZEABORN Ship Management GmbH,GmbH,MISC
DZ HYP AG,DZ,ORG
DZ HYP AG,HYP,ORG
DZ HYP AG,AG,ORG
ZAEVERS GmbH,ZAEVERS,ORG
ZAEVERS GmbH,GmbH,No entity
Auerbach Trading GmbH,Auerbach,ORG
Auerbach Trading GmbH,Trading,ORG
Auerbach Trading GmbH,GmbH,ORG
Poertzgen GmbH Unternehmensberatung,Poertzgen,No entity
Poertzgen GmbH Unternehmensberatung,GmbH,No entity
Poertzgen GmbH Unternehmensberatung,Unternehmensberatung,No entity
[m]SCIENCE GmbH,[,No entity
[m]SCIENCE GmbH,m,No entity
[m]SCIENCE GmbH,],No entity
[m]SCIENCE GmbH,SCIENCE,No entity
[m]SCIENCE GmbH,GmbH,No entity
"Verwaltung MS ""HAMMONIA TOSCANA"" GmbH",Verwaltung,MISC
"Verwaltung MS ""HAMMONIA TOSCANA"" GmbH",MS,MISC
"Verwaltung MS ""HAMMONIA TOSCANA"" GmbH","""",No entity
"Verwaltung MS ""HAMMONIA TOSCANA"" GmbH",HAMMONIA,ORG
"Verwaltung MS ""HAMMONIA TOSCANA"" GmbH",TOSCANA,ORG
"Verwaltung MS ""HAMMONIA TOSCANA"" GmbH","""",No entity
"Verwaltung MS ""HAMMONIA TOSCANA"" GmbH",GmbH,No entity
C. Gathmann Computer-System-Beratung GmbH,C.,PER
C. Gathmann Computer-System-Beratung GmbH,Gathmann,PER
C. Gathmann Computer-System-Beratung GmbH,Computer-System-Beratung,ORG
C. Gathmann Computer-System-Beratung GmbH,GmbH,No entity
Ojooo Vo GmbH,Ojooo,ORG
Ojooo Vo GmbH,Vo,ORG
Ojooo Vo GmbH,GmbH,ORG
Alessio Analytics UG (haftungsbeschränkt),Alessio,PER
Alessio Analytics UG (haftungsbeschränkt),Analytics,PER
Alessio Analytics UG (haftungsbeschränkt),UG,No entity
Alessio Analytics UG (haftungsbeschränkt),(,No entity
Alessio Analytics UG (haftungsbeschränkt),haftungsbeschränkt,No entity
Alessio Analytics UG (haftungsbeschränkt),),No entity
SMK Verwertungsgesellschaft mbH,SMK,ORG
SMK Verwertungsgesellschaft mbH,Verwertungsgesellschaft,No entity
SMK Verwertungsgesellschaft mbH,mbH,No entity
Beiersdorf Aktiengesellschaft,Beiersdorf,PER
Beiersdorf Aktiengesellschaft,Aktiengesellschaft,No entity
AGARBA Grundstücks-Vermietungsgesellschaft mbH,AGARBA,MISC
AGARBA Grundstücks-Vermietungsgesellschaft mbH,Grundstücks-Vermietungsgesellschaft,MISC
AGARBA Grundstücks-Vermietungsgesellschaft mbH,mbH,No entity
Baumarkt Max Bahr Praktiker Einkaufs GmbH,Baumarkt,PER
Baumarkt Max Bahr Praktiker Einkaufs GmbH,Max,PER
Baumarkt Max Bahr Praktiker Einkaufs GmbH,Bahr,PER
Baumarkt Max Bahr Praktiker Einkaufs GmbH,Praktiker,No entity
Baumarkt Max Bahr Praktiker Einkaufs GmbH,Einkaufs,No entity
Baumarkt Max Bahr Praktiker Einkaufs GmbH,GmbH,No entity
Victoria Lebensversicherung Aktiengesellschaft,Victoria,PER
Victoria Lebensversicherung Aktiengesellschaft,Lebensversicherung,No entity
Victoria Lebensversicherung Aktiengesellschaft,Aktiengesellschaft,No entity
LuMa Projektentwicklungs-GmbH,LuMa,No entity
LuMa Projektentwicklungs-GmbH,Projektentwicklungs-GmbH,No entity
Amber Shipping UG (haftungsbeschränkt) & Co. KG,Amber,ORG
Amber Shipping UG (haftungsbeschränkt) & Co. KG,Shipping,ORG
Amber Shipping UG (haftungsbeschränkt) & Co. KG,UG,ORG
Amber Shipping UG (haftungsbeschränkt) & Co. KG,(,No entity
Amber Shipping UG (haftungsbeschränkt) & Co. KG,haftungsbeschränkt,No entity
Amber Shipping UG (haftungsbeschränkt) & Co. KG,),No entity
Amber Shipping UG (haftungsbeschränkt) & Co. KG,&,No entity
Amber Shipping UG (haftungsbeschränkt) & Co. KG,Co.,No entity
Amber Shipping UG (haftungsbeschränkt) & Co. KG,KG,No entity
REDEVCO Logistics Güdderath GmbH & Co. OHG,REDEVCO,ORG
REDEVCO Logistics Güdderath GmbH & Co. OHG,Logistics,ORG
REDEVCO Logistics Güdderath GmbH & Co. OHG,Güdderath,ORG
REDEVCO Logistics Güdderath GmbH & Co. OHG,GmbH,No entity
REDEVCO Logistics Güdderath GmbH & Co. OHG,&,No entity
REDEVCO Logistics Güdderath GmbH & Co. OHG,Co.,No entity
REDEVCO Logistics Güdderath GmbH & Co. OHG,OHG,No entity
"Verwaltung ""MS Sophie"" Schifffahrtsgesellschaft mbH",Verwaltung,No entity
"Verwaltung ""MS Sophie"" Schifffahrtsgesellschaft mbH","""",No entity
"Verwaltung ""MS Sophie"" Schifffahrtsgesellschaft mbH",MS,MISC
"Verwaltung ""MS Sophie"" Schifffahrtsgesellschaft mbH",Sophie,MISC
"Verwaltung ""MS Sophie"" Schifffahrtsgesellschaft mbH","""",MISC
"Verwaltung ""MS Sophie"" Schifffahrtsgesellschaft mbH",Schifffahrtsgesellschaft,MISC
"Verwaltung ""MS Sophie"" Schifffahrtsgesellschaft mbH",mbH,MISC
AL Aman Engineering and Trading UG (haftungsbeschränkt),AL,ORG
AL Aman Engineering and Trading UG (haftungsbeschränkt),Aman,ORG
AL Aman Engineering and Trading UG (haftungsbeschränkt),Engineering,ORG
AL Aman Engineering and Trading UG (haftungsbeschränkt),and,ORG
AL Aman Engineering and Trading UG (haftungsbeschränkt),Trading,ORG
AL Aman Engineering and Trading UG (haftungsbeschränkt),UG,ORG
AL Aman Engineering and Trading UG (haftungsbeschränkt),(,No entity
AL Aman Engineering and Trading UG (haftungsbeschränkt),haftungsbeschränkt,No entity
AL Aman Engineering and Trading UG (haftungsbeschränkt),),No entity
"Verwaltungsgesellschaft MS ""Barmbek"" mbH",Verwaltungsgesellschaft,No entity
"Verwaltungsgesellschaft MS ""Barmbek"" mbH",MS,ORG
"Verwaltungsgesellschaft MS ""Barmbek"" mbH","""",No entity
"Verwaltungsgesellschaft MS ""Barmbek"" mbH",Barmbek,LOC
"Verwaltungsgesellschaft MS ""Barmbek"" mbH","""",No entity
"Verwaltungsgesellschaft MS ""Barmbek"" mbH",mbH,No entity
Närrische Frauen Himmelgeist e.V.,Närrische,No entity
Närrische Frauen Himmelgeist e.V.,Frauen,No entity
Närrische Frauen Himmelgeist e.V.,Himmelgeist,No entity
Närrische Frauen Himmelgeist e.V.,e.V.,No entity
"MS ""Favourisation"" Verwaltung GmbH",MS,MISC
"MS ""Favourisation"" Verwaltung GmbH","""",No entity
"MS ""Favourisation"" Verwaltung GmbH",Favourisation,MISC
"MS ""Favourisation"" Verwaltung GmbH","""",No entity
"MS ""Favourisation"" Verwaltung GmbH",Verwaltung,No entity
"MS ""Favourisation"" Verwaltung GmbH",GmbH,No entity
Wünsche Services GmbH,Wünsche,ORG
Wünsche Services GmbH,Services,ORG
Wünsche Services GmbH,GmbH,ORG
Merica Capital GmbH,Merica,ORG
Merica Capital GmbH,Capital,ORG
Merica Capital GmbH,GmbH,No entity
Kröger Baugeräte Service GmbH,Kröger,PER
Kröger Baugeräte Service GmbH,Baugeräte,No entity
Kröger Baugeräte Service GmbH,Service,No entity
Kröger Baugeräte Service GmbH,GmbH,No entity
Achte display system GmbH,Achte,No entity
Achte display system GmbH,display,No entity
Achte display system GmbH,system,No entity
Achte display system GmbH,GmbH,No entity
Atlantik Hafenbetriebe Geuther & Schnitger GmbH & Co. KG,Atlantik,No entity
Atlantik Hafenbetriebe Geuther & Schnitger GmbH & Co. KG,Hafenbetriebe,No entity
Atlantik Hafenbetriebe Geuther & Schnitger GmbH & Co. KG,Geuther,No entity
Atlantik Hafenbetriebe Geuther & Schnitger GmbH & Co. KG,&,No entity
Atlantik Hafenbetriebe Geuther & Schnitger GmbH & Co. KG,Schnitger,No entity
Atlantik Hafenbetriebe Geuther & Schnitger GmbH & Co. KG,GmbH,No entity
Atlantik Hafenbetriebe Geuther & Schnitger GmbH & Co. KG,&,No entity
Atlantik Hafenbetriebe Geuther & Schnitger GmbH & Co. KG,Co.,No entity
Atlantik Hafenbetriebe Geuther & Schnitger GmbH & Co. KG,KG,No entity
TT Trading GmbH,TT,ORG
TT Trading GmbH,Trading,ORG
TT Trading GmbH,GmbH,ORG
AVASPA Bremen Vermietungsgesellschaft mbH,AVASPA,ORG
AVASPA Bremen Vermietungsgesellschaft mbH,Bremen,No entity
AVASPA Bremen Vermietungsgesellschaft mbH,Vermietungsgesellschaft,No entity
AVASPA Bremen Vermietungsgesellschaft mbH,mbH,No entity
TOL Time of Luxury GmbH,TOL,MISC
TOL Time of Luxury GmbH,Time,MISC
TOL Time of Luxury GmbH,of,MISC
TOL Time of Luxury GmbH,Luxury,MISC
TOL Time of Luxury GmbH,GmbH,MISC
Mutabor Brandspaces GmbH,Mutabor,ORG
Mutabor Brandspaces GmbH,Brandspaces,ORG
Mutabor Brandspaces GmbH,GmbH,No entity
Gebäudereinigung Wolff GmbH,Gebäudereinigung,ORG
Gebäudereinigung Wolff GmbH,Wolff,ORG
Gebäudereinigung Wolff GmbH,GmbH,ORG
He:Lee EXPO - Messe : Consulting : Project Management Verwaltungs GmbH,He,MISC
He:Lee EXPO - Messe : Consulting : Project Management Verwaltungs GmbH,:,MISC
He:Lee EXPO - Messe : Consulting : Project Management Verwaltungs GmbH,Lee,MISC
He:Lee EXPO - Messe : Consulting : Project Management Verwaltungs GmbH,EXPO,MISC
He:Lee EXPO - Messe : Consulting : Project Management Verwaltungs GmbH,-,No entity
He:Lee EXPO - Messe : Consulting : Project Management Verwaltungs GmbH,Messe,No entity
He:Lee EXPO - Messe : Consulting : Project Management Verwaltungs GmbH,:,No entity
He:Lee EXPO - Messe : Consulting : Project Management Verwaltungs GmbH,Consulting,No entity
He:Lee EXPO - Messe : Consulting : Project Management Verwaltungs GmbH,:,No entity
He:Lee EXPO - Messe : Consulting : Project Management Verwaltungs GmbH,Project,No entity
He:Lee EXPO - Messe : Consulting : Project Management Verwaltungs GmbH,Management,No entity
He:Lee EXPO - Messe : Consulting : Project Management Verwaltungs GmbH,Verwaltungs,No entity
He:Lee EXPO - Messe : Consulting : Project Management Verwaltungs GmbH,GmbH,No entity
Eurofins GSC Germany GmbH,Eurofins,ORG
Eurofins GSC Germany GmbH,GSC,ORG
Eurofins GSC Germany GmbH,Germany,ORG
Eurofins GSC Germany GmbH,GmbH,ORG
EQUINOX Investment GmbH,EQUINOX,ORG
EQUINOX Investment GmbH,Investment,ORG
EQUINOX Investment GmbH,GmbH,ORG
Sell Facility Services GmbH,Sell,ORG
Sell Facility Services GmbH,Facility,ORG
Sell Facility Services GmbH,Services,ORG
Sell Facility Services GmbH,GmbH,ORG
BLVÈ UG (haftungsbeschränkt),BLVÈ,ORG
BLVÈ UG (haftungsbeschränkt),UG,No entity
BLVÈ UG (haftungsbeschränkt),(,No entity
BLVÈ UG (haftungsbeschränkt),haftungsbeschränkt,No entity
BLVÈ UG (haftungsbeschränkt),),No entity
Luzemann Services Verwaltungsgesellschaft mbH,Luzemann,ORG
Luzemann Services Verwaltungsgesellschaft mbH,Services,ORG
Luzemann Services Verwaltungsgesellschaft mbH,Verwaltungsgesellschaft,No entity
Luzemann Services Verwaltungsgesellschaft mbH,mbH,No entity
Sasol Wax GmbH,Sasol,ORG
Sasol Wax GmbH,Wax,ORG
Sasol Wax GmbH,GmbH,ORG
Molten Europe GmbH,Molten,ORG
Molten Europe GmbH,Europe,ORG
Molten Europe GmbH,GmbH,ORG
VIERTE Fonds-Beteiligungsgesellschaft mbH,VIERTE,ORG
VIERTE Fonds-Beteiligungsgesellschaft mbH,Fonds-Beteiligungsgesellschaft,No entity
VIERTE Fonds-Beteiligungsgesellschaft mbH,mbH,No entity
GENIGO GmbH,GENIGO,ORG
GENIGO GmbH,GmbH,ORG
WEHR BULKCARRIERS GmbH & Co KG,WEHR,ORG
WEHR BULKCARRIERS GmbH & Co KG,BULKCARRIERS,No entity
WEHR BULKCARRIERS GmbH & Co KG,GmbH,No entity
WEHR BULKCARRIERS GmbH & Co KG,&,No entity
WEHR BULKCARRIERS GmbH & Co KG,Co,No entity
WEHR BULKCARRIERS GmbH & Co KG,KG,No entity
R.F.L. Gewerbe Immobilien Verwaltungs GmbH,R.F.L.,PER
R.F.L. Gewerbe Immobilien Verwaltungs GmbH,Gewerbe,No entity
R.F.L. Gewerbe Immobilien Verwaltungs GmbH,Immobilien,No entity
R.F.L. Gewerbe Immobilien Verwaltungs GmbH,Verwaltungs,No entity
R.F.L. Gewerbe Immobilien Verwaltungs GmbH,GmbH,No entity
Verwaltungsgesellschaft EGRIMA mbH,Verwaltungsgesellschaft,No entity
Verwaltungsgesellschaft EGRIMA mbH,EGRIMA,ORG
Verwaltungsgesellschaft EGRIMA mbH,mbH,No entity
Lampe Asset Management GmbH,Lampe,ORG
Lampe Asset Management GmbH,Asset,ORG
Lampe Asset Management GmbH,Management,ORG
Lampe Asset Management GmbH,GmbH,ORG
Hartungstraße 12 Verwaltungsgesellschaft mbH,Hartungstraße,LOC
Hartungstraße 12 Verwaltungsgesellschaft mbH,12,No entity
Hartungstraße 12 Verwaltungsgesellschaft mbH,Verwaltungsgesellschaft,No entity
Hartungstraße 12 Verwaltungsgesellschaft mbH,mbH,No entity
ES Medien Agentur + Handelsgesellschaft mbH & Co. KG,ES,ORG
ES Medien Agentur + Handelsgesellschaft mbH & Co. KG,Medien,No entity
ES Medien Agentur + Handelsgesellschaft mbH & Co. KG,Agentur,No entity
ES Medien Agentur + Handelsgesellschaft mbH & Co. KG,+,No entity
ES Medien Agentur + Handelsgesellschaft mbH & Co. KG,Handelsgesellschaft,No entity
ES Medien Agentur + Handelsgesellschaft mbH & Co. KG,mbH,No entity
ES Medien Agentur + Handelsgesellschaft mbH & Co. KG,&,No entity
ES Medien Agentur + Handelsgesellschaft mbH & Co. KG,Co.,No entity
ES Medien Agentur + Handelsgesellschaft mbH & Co. KG,KG,No entity
Dewigo (Dealing with goods) UG (haftungsbeschränkt),Dewigo,No entity
Dewigo (Dealing with goods) UG (haftungsbeschränkt),(,No entity
Dewigo (Dealing with goods) UG (haftungsbeschränkt),Dealing,No entity
Dewigo (Dealing with goods) UG (haftungsbeschränkt),with,No entity
Dewigo (Dealing with goods) UG (haftungsbeschränkt),goods,No entity
Dewigo (Dealing with goods) UG (haftungsbeschränkt),),No entity
Dewigo (Dealing with goods) UG (haftungsbeschränkt),UG,No entity
Dewigo (Dealing with goods) UG (haftungsbeschränkt),(,No entity
Dewigo (Dealing with goods) UG (haftungsbeschränkt),haftungsbeschränkt,No entity
Dewigo (Dealing with goods) UG (haftungsbeschränkt),),No entity
NPC HOTELENTWICKLUNGS U. - MANAGEMENT GmbH,NPC,MISC
NPC HOTELENTWICKLUNGS U. - MANAGEMENT GmbH,HOTELENTWICKLUNGS,MISC
NPC HOTELENTWICKLUNGS U. - MANAGEMENT GmbH,U.,MISC
NPC HOTELENTWICKLUNGS U. - MANAGEMENT GmbH,-,No entity
NPC HOTELENTWICKLUNGS U. - MANAGEMENT GmbH,MANAGEMENT,No entity
NPC HOTELENTWICKLUNGS U. - MANAGEMENT GmbH,GmbH,No entity
TRACOA GmbH,TRACOA,ORG
TRACOA GmbH,GmbH,No entity
Muehlhan Deutschland GmbH,Muehlhan,No entity
Muehlhan Deutschland GmbH,Deutschland,ORG
Muehlhan Deutschland GmbH,GmbH,No entity
Harburg-Freudenberger Maschinenbau GmbH,Harburg-Freudenberger,ORG
Harburg-Freudenberger Maschinenbau GmbH,Maschinenbau,ORG
Harburg-Freudenberger Maschinenbau GmbH,GmbH,ORG
